{
  "Baseline": {
    "f1_weighted": {
      "value": 0.5737558521029993,
      "mean_bootstrap": 0.5735697504520736,
      "ci_lower": 0.561290595752115,
      "ci_upper": 0.585815661592537,
      "std": 0.006388827733418935
    },
    "f1_micro": {
      "value": 0.5877308129867856,
      "mean_bootstrap": 0.5878052768126686,
      "ci_lower": 0.5757860352318027,
      "ci_upper": 0.59945698464876,
      "std": 0.006193099210708955
    },
    "hamming_accuracy": {
      "value": 0.9689976045697438,
      "mean_bootstrap": 0.9689999868382952,
      "ci_lower": 0.9680562136407908,
      "ci_upper": 0.9699125075679802,
      "std": 0.000473911708339654
    },
    "subset_accuracy": {
      "value": 0.47392666298138936,
      "mean_bootstrap": 0.4737735397088631,
      "ci_lower": 0.46065505804311774,
      "ci_upper": 0.48756218905472637,
      "std": 0.006816887575203985
    }
  },
  "K-Fold": {
    "f1_weighted": {
      "value": 0.5515623887029147,
      "mean_bootstrap": 0.5509052316060864,
      "ci_lower": 0.5378717874651623,
      "ci_upper": 0.5641880889651862,
      "std": 0.006624729558804956
    },
    "f1_micro": {
      "value": 0.5818965517241379,
      "mean_bootstrap": 0.581567290820117,
      "ci_lower": 0.5687844316119021,
      "ci_upper": 0.5941808615067171,
      "std": 0.006273960863191126
    },
    "hamming_accuracy": {
      "value": 0.970636236805391,
      "mean_bootstrap": 0.9706116836452657,
      "ci_lower": 0.9697346600331676,
      "ci_upper": 0.9715246518729106,
      "std": 0.0004371292543528923
    },
    "subset_accuracy": {
      "value": 0.462870831030035,
      "mean_bootstrap": 0.4623471531232725,
      "ci_lower": 0.4488621706283398,
      "ci_upper": 0.4759535655058043,
      "std": 0.00680615208593795
    }
  },
  "Weighted": {
    "f1_weighted": {
      "value": 0.5732389145814675,
      "mean_bootstrap": 0.5735856421908607,
      "ci_lower": 0.5645776148614777,
      "ci_upper": 0.5818617278907002,
      "std": 0.004567425400871828
    },
    "f1_micro": {
      "value": 0.5470373164645116,
      "mean_bootstrap": 0.5470492301754377,
      "ci_lower": 0.5391618894130925,
      "ci_upper": 0.5552223132067651,
      "std": 0.00428960868925424
    },
    "hamming_accuracy": {
      "value": 0.9486364473926663,
      "mean_bootstrap": 0.9486447721708915,
      "ci_lower": 0.9475242833451789,
      "ci_upper": 0.9497685185185185,
      "std": 0.0005910929779316273
    },
    "subset_accuracy": {
      "value": 0.27234199373502854,
      "mean_bootstrap": 0.27235378662244336,
      "ci_lower": 0.2607241569928137,
      "ci_upper": 0.2839506172839506,
      "std": 0.006109401518351644
    }
  },
  "MLM": {
    "f1_weighted": {
      "value": 0.5399598744659804,
      "mean_bootstrap": 0.5398431261346416,
      "ci_lower": 0.5274861760690481,
      "ci_upper": 0.5531120559331076,
      "std": 0.006628860919530331
    },
    "f1_micro": {
      "value": 0.5745992601726264,
      "mean_bootstrap": 0.5747375538290983,
      "ci_lower": 0.5630149533288759,
      "ci_upper": 0.5872747939755613,
      "std": 0.0062330022673646405
    },
    "hamming_accuracy": {
      "value": 0.9704848772012951,
      "mean_bootstrap": 0.9704900234278343,
      "ci_lower": 0.9697081721024507,
      "ci_upper": 0.9713469688594066,
      "std": 0.00042836721120491535
    },
    "subset_accuracy": {
      "value": 0.45439469320066334,
      "mean_bootstrap": 0.4545481850009213,
      "ci_lower": 0.44167587985995943,
      "ci_upper": 0.4674866408697254,
      "std": 0.006798350619592973
    }
  },
  "Partial Freezing": {
    "f1_weighted": {
      "value": 0.5325077164318766,
      "mean_bootstrap": 0.5325679540475381,
      "ci_lower": 0.5202178340087052,
      "ci_upper": 0.5461205155739257,
      "std": 0.006625709939221757
    },
    "f1_micro": {
      "value": 0.5718963690648174,
      "mean_bootstrap": 0.5721559670465874,
      "ci_lower": 0.5604282275832897,
      "ci_upper": 0.5848301897575064,
      "std": 0.006278558150659083
    },
    "hamming_accuracy": {
      "value": 0.970748111295375,
      "mean_bootstrap": 0.9707599436679039,
      "ci_lower": 0.9699582444918265,
      "ci_upper": 0.9715906249177393,
      "std": 0.00041741517997270647
    },
    "subset_accuracy": {
      "value": 0.4490510410908421,
      "mean_bootstrap": 0.4494840611756034,
      "ci_lower": 0.43670075548185,
      "ci_upper": 0.46324396535839324,
      "std": 0.006789570892728196
    }
  },
  "Contrastive (SupCon)": {
    "f1_weighted": {
      "value": 0.5562517428064865,
      "mean_bootstrap": 0.5558038618188544,
      "ci_lower": 0.5427675198551979,
      "ci_upper": 0.5693624515933882,
      "std": 0.0067063060208629125
    },
    "f1_micro": {
      "value": 0.5779267850670533,
      "mean_bootstrap": 0.5777873156570366,
      "ci_lower": 0.5653730018907952,
      "ci_upper": 0.5910257037674481,
      "std": 0.00645973789537986
    },
    "hamming_accuracy": {
      "value": 0.9693463897443997,
      "mean_bootstrap": 0.969336281555187,
      "ci_lower": 0.9684183250414594,
      "ci_upper": 0.9702481310379321,
      "std": 0.0004639194120147232
    },
    "subset_accuracy": {
      "value": 0.46434494195688225,
      "mean_bootstrap": 0.4642063755297586,
      "ci_lower": 0.4501520176893311,
      "ci_upper": 0.47781002395430255,
      "std": 0.007123938691586598
    }
  },
  "Clean Baseline": {
    "f1_weighted": {
      "value": 0.5816490305508992,
      "mean_bootstrap": 0.5818503915202723,
      "ci_lower": 0.5697193617357114,
      "ci_upper": 0.5944583012751121,
      "std": 0.006314247359286666
    },
    "f1_micro": {
      "value": 0.6039915074309978,
      "mean_bootstrap": 0.6043178923296293,
      "ci_lower": 0.5928076849198457,
      "ci_upper": 0.6162194238314048,
      "std": 0.006034172629854356
    },
    "hamming_accuracy": {
      "value": 0.9693134854826397,
      "mean_bootstrap": 0.969331944773487,
      "ci_lower": 0.9684314867461634,
      "ci_upper": 0.9702680381162968,
      "std": 0.00047971989660102767
    },
    "subset_accuracy": {
      "value": 0.5058043117744611,
      "mean_bootstrap": 0.5059904182789755,
      "ci_lower": 0.4929012345679012,
      "ci_upper": 0.519439837847798,
      "std": 0.006779693161535234
    }
  }
}