{
  "Baseline": {
    "f1_weighted": {
      "value": 0.5737558521029993,
      "mean_bootstrap": 0.5735697504520736,
      "ci_lower": 0.561290595752115,
      "ci_upper": 0.585815661592537,
      "std": 0.006388827733418935
    },
    "f1_micro": {
      "value": 0.5877308129867856,
      "mean_bootstrap": 0.5878052768126686,
      "ci_lower": 0.5757860352318027,
      "ci_upper": 0.59945698464876,
      "std": 0.006193099210708955
    },
    "hamming_accuracy": {
      "value": 0.9689976045697438,
      "mean_bootstrap": 0.9689999868382952,
      "ci_lower": 0.9680562136407908,
      "ci_upper": 0.9699125075679802,
      "std": 0.000473911708339654
    },
    "subset_accuracy": {
      "value": 0.47392666298138936,
      "mean_bootstrap": 0.4737735397088631,
      "ci_lower": 0.46065505804311774,
      "ci_upper": 0.48756218905472637,
      "std": 0.006816887575203985
    }
  },
  "K-Fold": {
    "f1_weighted": {
      "value": 0.5732645773347016,
      "mean_bootstrap": 0.5728772459760932,
      "ci_lower": 0.5605409261574859,
      "ci_upper": 0.5854266733438206,
      "std": 0.00621354422532402
    },
    "f1_micro": {
      "value": 0.5887294364718236,
      "mean_bootstrap": 0.5885301487329544,
      "ci_lower": 0.5762678534526908,
      "ci_upper": 0.6005476837245036,
      "std": 0.006020588487437794
    },
    "hamming_accuracy": {
      "value": 0.9690699939456159,
      "mean_bootstrap": 0.9690495801416199,
      "ci_lower": 0.9681485100950276,
      "ci_upper": 0.969965318908105,
      "std": 0.0004612434673816579
    },
    "subset_accuracy": {
      "value": 0.47318960751796574,
      "mean_bootstrap": 0.4727696701676801,
      "ci_lower": 0.45973834531048463,
      "ci_upper": 0.48627234199373504,
      "std": 0.006797976154770876
    }
  },
  "Weighted": {
    "f1_weighted": {
      "value": 0.5845669974984139,
      "mean_bootstrap": 0.584739699780763,
      "ci_lower": 0.5734005425168456,
      "ci_upper": 0.5952772415327192,
      "std": 0.005719866051764502
    },
    "f1_micro": {
      "value": 0.5857637552904963,
      "mean_bootstrap": 0.5858799803951166,
      "ci_lower": 0.5746582768370311,
      "ci_upper": 0.5964295245865309,
      "std": 0.005585674917405202
    },
    "hamming_accuracy": {
      "value": 0.9645752717892021,
      "mean_bootstrap": 0.9645842743952197,
      "ci_lower": 0.9635879794150939,
      "ci_upper": 0.9655561478322672,
      "std": 0.0005014647740473069
    },
    "subset_accuracy": {
      "value": 0.4304403906393956,
      "mean_bootstrap": 0.4305734291505436,
      "ci_lower": 0.4177215772986917,
      "ci_upper": 0.4440759167127326,
      "std": 0.0067439787397191005
    }
  },
  "MLM": {
    "f1_weighted": {
      "value": 0.5399598744659804,
      "mean_bootstrap": 0.5398431261346416,
      "ci_lower": 0.5274861760690481,
      "ci_upper": 0.5531120559331076,
      "std": 0.006628860919530331
    },
    "f1_micro": {
      "value": 0.5745992601726264,
      "mean_bootstrap": 0.5747375538290983,
      "ci_lower": 0.5630149533288759,
      "ci_upper": 0.5872747939755613,
      "std": 0.0062330022673646405
    },
    "hamming_accuracy": {
      "value": 0.9704848772012951,
      "mean_bootstrap": 0.9704900234278343,
      "ci_lower": 0.9697081721024507,
      "ci_upper": 0.9713469688594066,
      "std": 0.00042836721120491535
    },
    "subset_accuracy": {
      "value": 0.45439469320066334,
      "mean_bootstrap": 0.4545481850009213,
      "ci_lower": 0.44167587985995943,
      "ci_upper": 0.4674866408697254,
      "std": 0.006798350619592973
    }
  },
  "Partial Freezing": {
    "f1_weighted": {
      "value": 0.5325077164318766,
      "mean_bootstrap": 0.5325679540475381,
      "ci_lower": 0.5202178340087052,
      "ci_upper": 0.5461205155739257,
      "std": 0.006625709939221757
    },
    "f1_micro": {
      "value": 0.5718963690648174,
      "mean_bootstrap": 0.5721559670465874,
      "ci_lower": 0.5604282275832897,
      "ci_upper": 0.5848301897575064,
      "std": 0.006278558150659083
    },
    "hamming_accuracy": {
      "value": 0.970748111295375,
      "mean_bootstrap": 0.9707599436679039,
      "ci_lower": 0.9699582444918265,
      "ci_upper": 0.9715906249177393,
      "std": 0.00041741517997270647
    },
    "subset_accuracy": {
      "value": 0.4490510410908421,
      "mean_bootstrap": 0.4494840611756034,
      "ci_lower": 0.43670075548185,
      "ci_upper": 0.46324396535839324,
      "std": 0.006789570892728196
    }
  },
  "Contrastive (SupCon)": {
    "f1_weighted": {
      "value": 0.5562517428064865,
      "mean_bootstrap": 0.5558038618188544,
      "ci_lower": 0.5427675198551979,
      "ci_upper": 0.5693624515933882,
      "std": 0.0067063060208629125
    },
    "f1_micro": {
      "value": 0.5779267850670533,
      "mean_bootstrap": 0.5777873156570366,
      "ci_lower": 0.5653730018907952,
      "ci_upper": 0.5910257037674481,
      "std": 0.00645973789537986
    },
    "hamming_accuracy": {
      "value": 0.9693463897443997,
      "mean_bootstrap": 0.969336281555187,
      "ci_lower": 0.9684183250414594,
      "ci_upper": 0.9702481310379321,
      "std": 0.0004639194120147232
    },
    "subset_accuracy": {
      "value": 0.46434494195688225,
      "mean_bootstrap": 0.4642063755297586,
      "ci_lower": 0.4501520176893311,
      "ci_upper": 0.47781002395430255,
      "std": 0.007123938691586598
    }
  },
  "Clean Baseline": {
    "f1_weighted": {
      "value": 0.5816490305508992,
      "mean_bootstrap": 0.5818503915202723,
      "ci_lower": 0.5697193617357114,
      "ci_upper": 0.5944583012751121,
      "std": 0.006314247359286666
    },
    "f1_micro": {
      "value": 0.6039915074309978,
      "mean_bootstrap": 0.6043178923296293,
      "ci_lower": 0.5928076849198457,
      "ci_upper": 0.6162194238314048,
      "std": 0.006034172629854356
    },
    "hamming_accuracy": {
      "value": 0.9693134854826397,
      "mean_bootstrap": 0.969331944773487,
      "ci_lower": 0.9684314867461634,
      "ci_upper": 0.9702680381162968,
      "std": 0.00047971989660102767
    },
    "subset_accuracy": {
      "value": 0.5058043117744611,
      "mean_bootstrap": 0.5059904182789755,
      "ci_lower": 0.4929012345679012,
      "ci_upper": 0.519439837847798,
      "std": 0.006779693161535234
    }
  }
}