{
  "Baseline vs K-Fold": {
    "model_1": "Baseline",
    "model_2": "K-Fold",
    "f1_model_1": 0.5737558521029993,
    "f1_model_2": 0.5732645773347016,
    "observed_diff": 0.0004912747682976892,
    "ci_lower": -0.006275071039697408,
    "ci_upper": 0.007424729574024846,
    "p_value": 0.894,
    "significant": false,
    "ci_excludes_zero": false
  },
  "Baseline vs Weighted": {
    "model_1": "Baseline",
    "model_2": "Weighted",
    "f1_model_1": 0.5737558521029993,
    "f1_model_2": 0.5845669974984139,
    "observed_diff": -0.010811145395414612,
    "ci_lower": -0.01795419616580699,
    "ci_upper": -0.0042010668395732545,
    "p_value": 0.002,
    "significant": true,
    "ci_excludes_zero": true
  },
  "Baseline vs MLM": {
    "model_1": "Baseline",
    "model_2": "MLM",
    "f1_model_1": 0.5737558521029993,
    "f1_model_2": 0.5399598744659804,
    "observed_diff": 0.033795977637018915,
    "ci_lower": 0.025145568029298713,
    "ci_upper": 0.04250532049986422,
    "p_value": 0.0,
    "significant": true,
    "ci_excludes_zero": true
  },
  "Baseline vs Partial Freezing": {
    "model_1": "Baseline",
    "model_2": "Partial Freezing",
    "f1_model_1": 0.5737558521029993,
    "f1_model_2": 0.5325077164318766,
    "observed_diff": 0.04124813567112273,
    "ci_lower": 0.03205178472604836,
    "ci_upper": 0.05057111166680774,
    "p_value": 0.0,
    "significant": true,
    "ci_excludes_zero": true
  },
  "Baseline vs Contrastive (SupCon)": {
    "model_1": "Baseline",
    "model_2": "Contrastive (SupCon)",
    "f1_model_1": 0.5737558521029993,
    "f1_model_2": 0.5562517428064865,
    "observed_diff": 0.017504109296512804,
    "ci_lower": 0.00914466397250678,
    "ci_upper": 0.02544774037347328,
    "p_value": 0.002,
    "significant": true,
    "ci_excludes_zero": true
  },
  "Baseline vs Clean Baseline": {
    "model_1": "Baseline",
    "model_2": "Clean Baseline",
    "f1_model_1": 0.5737558521029993,
    "f1_model_2": 0.5816490305508992,
    "observed_diff": -0.00789317844789994,
    "ci_lower": -0.01614864268336205,
    "ci_upper": 0.0013060896814888615,
    "p_value": 0.092,
    "significant": false,
    "ci_excludes_zero": false
  },
  "K-Fold vs Weighted": {
    "model_1": "K-Fold",
    "model_2": "Weighted",
    "f1_model_1": 0.5732645773347016,
    "f1_model_2": 0.5845669974984139,
    "observed_diff": -0.011302420163712301,
    "ci_lower": -0.0187307012980541,
    "ci_upper": -0.004875671309077998,
    "p_value": 0.0,
    "significant": true,
    "ci_excludes_zero": true
  },
  "K-Fold vs MLM": {
    "model_1": "K-Fold",
    "model_2": "MLM",
    "f1_model_1": 0.5732645773347016,
    "f1_model_2": 0.5399598744659804,
    "observed_diff": 0.033304702868721225,
    "ci_lower": 0.0250498117705368,
    "ci_upper": 0.0424069130671266,
    "p_value": 0.0,
    "significant": true,
    "ci_excludes_zero": true
  },
  "K-Fold vs Partial Freezing": {
    "model_1": "K-Fold",
    "model_2": "Partial Freezing",
    "f1_model_1": 0.5732645773347016,
    "f1_model_2": 0.5325077164318766,
    "observed_diff": 0.04075686090282504,
    "ci_lower": 0.03182180813142586,
    "ci_upper": 0.04975179841720348,
    "p_value": 0.0,
    "significant": true,
    "ci_excludes_zero": true
  },
  "K-Fold vs Contrastive (SupCon)": {
    "model_1": "K-Fold",
    "model_2": "Contrastive (SupCon)",
    "f1_model_1": 0.5732645773347016,
    "f1_model_2": 0.5562517428064865,
    "observed_diff": 0.017012834528215115,
    "ci_lower": 0.008944128488583097,
    "ci_upper": 0.024756341554730405,
    "p_value": 0.0,
    "significant": true,
    "ci_excludes_zero": true
  },
  "K-Fold vs Clean Baseline": {
    "model_1": "K-Fold",
    "model_2": "Clean Baseline",
    "f1_model_1": 0.5732645773347016,
    "f1_model_2": 0.5816490305508992,
    "observed_diff": -0.00838445321619763,
    "ci_lower": -0.016334005151805636,
    "ci_upper": -0.00016864173078453095,
    "p_value": 0.046,
    "significant": true,
    "ci_excludes_zero": true
  },
  "Weighted vs MLM": {
    "model_1": "Weighted",
    "model_2": "MLM",
    "f1_model_1": 0.5845669974984139,
    "f1_model_2": 0.5399598744659804,
    "observed_diff": 0.04460712303243353,
    "ci_lower": 0.03570812040053237,
    "ci_upper": 0.05440708423409402,
    "p_value": 0.0,
    "significant": true,
    "ci_excludes_zero": true
  },
  "Weighted vs Partial Freezing": {
    "model_1": "Weighted",
    "model_2": "Partial Freezing",
    "f1_model_1": 0.5845669974984139,
    "f1_model_2": 0.5325077164318766,
    "observed_diff": 0.052059281066537344,
    "ci_lower": 0.04249447749954987,
    "ci_upper": 0.06157768085161355,
    "p_value": 0.0,
    "significant": true,
    "ci_excludes_zero": true
  },
  "Weighted vs Contrastive (SupCon)": {
    "model_1": "Weighted",
    "model_2": "Contrastive (SupCon)",
    "f1_model_1": 0.5845669974984139,
    "f1_model_2": 0.5562517428064865,
    "observed_diff": 0.028315254691927416,
    "ci_lower": 0.020204468889889946,
    "ci_upper": 0.03710032021775777,
    "p_value": 0.0,
    "significant": true,
    "ci_excludes_zero": true
  },
  "Weighted vs Clean Baseline": {
    "model_1": "Weighted",
    "model_2": "Clean Baseline",
    "f1_model_1": 0.5845669974984139,
    "f1_model_2": 0.5816490305508992,
    "observed_diff": 0.002917966947514672,
    "ci_lower": -0.005612678642849001,
    "ci_upper": 0.012225492174737134,
    "p_value": 0.458,
    "significant": false,
    "ci_excludes_zero": false
  },
  "MLM vs Partial Freezing": {
    "model_1": "MLM",
    "model_2": "Partial Freezing",
    "f1_model_1": 0.5399598744659804,
    "f1_model_2": 0.5325077164318766,
    "observed_diff": 0.007452158034103817,
    "ci_lower": -0.0002579944510033655,
    "ci_upper": 0.014016248932805501,
    "p_value": 0.056,
    "significant": false,
    "ci_excludes_zero": false
  },
  "MLM vs Contrastive (SupCon)": {
    "model_1": "MLM",
    "model_2": "Contrastive (SupCon)",
    "f1_model_1": 0.5399598744659804,
    "f1_model_2": 0.5562517428064865,
    "observed_diff": -0.01629186834050611,
    "ci_lower": -0.02539191392729474,
    "ci_upper": -0.007544222804199108,
    "p_value": 0.0,
    "significant": true,
    "ci_excludes_zero": true
  },
  "MLM vs Clean Baseline": {
    "model_1": "MLM",
    "model_2": "Clean Baseline",
    "f1_model_1": 0.5399598744659804,
    "f1_model_2": 0.5816490305508992,
    "observed_diff": -0.041689156084918855,
    "ci_lower": -0.04954172370996058,
    "ci_upper": -0.03376633677664672,
    "p_value": 0.0,
    "significant": true,
    "ci_excludes_zero": true
  },
  "Partial Freezing vs Contrastive (SupCon)": {
    "model_1": "Partial Freezing",
    "model_2": "Contrastive (SupCon)",
    "f1_model_1": 0.5325077164318766,
    "f1_model_2": 0.5562517428064865,
    "observed_diff": -0.023744026374609928,
    "ci_lower": -0.032439395155239664,
    "ci_upper": -0.01454661181250632,
    "p_value": 0.0,
    "significant": true,
    "ci_excludes_zero": true
  },
  "Partial Freezing vs Clean Baseline": {
    "model_1": "Partial Freezing",
    "model_2": "Clean Baseline",
    "f1_model_1": 0.5325077164318766,
    "f1_model_2": 0.5816490305508992,
    "observed_diff": -0.04914131411902267,
    "ci_lower": -0.057616194431286634,
    "ci_upper": -0.04122697709283707,
    "p_value": 0.0,
    "significant": true,
    "ci_excludes_zero": true
  },
  "Contrastive (SupCon) vs Clean Baseline": {
    "model_1": "Contrastive (SupCon)",
    "model_2": "Clean Baseline",
    "f1_model_1": 0.5562517428064865,
    "f1_model_2": 0.5816490305508992,
    "observed_diff": -0.025397287744412744,
    "ci_lower": -0.033317606431967246,
    "ci_upper": -0.016786255862538,
    "p_value": 0.0,
    "significant": true,
    "ci_excludes_zero": true
  }
}