{
  "Baseline vs K-Fold": {
    "model_1": "Baseline",
    "model_2": "K-Fold",
    "f1_model_1": 0.5737558521029993,
    "f1_model_2": 0.5515623887029147,
    "observed_diff": 0.022193463400084545,
    "ci_lower": 0.014091204980374847,
    "ci_upper": 0.03080728320319801,
    "p_value": 0.0,
    "significant": true,
    "ci_excludes_zero": true
  },
  "Baseline vs Weighted": {
    "model_1": "Baseline",
    "model_2": "Weighted",
    "f1_model_1": 0.5737558521029993,
    "f1_model_2": 0.5732389145814675,
    "observed_diff": 0.0005169375215318128,
    "ci_lower": -0.008978848429298187,
    "ci_upper": 0.008768589711214296,
    "p_value": 1.0,
    "significant": false,
    "ci_excludes_zero": false
  },
  "Baseline vs MLM": {
    "model_1": "Baseline",
    "model_2": "MLM",
    "f1_model_1": 0.5737558521029993,
    "f1_model_2": 0.5399598744659804,
    "observed_diff": 0.033795977637018915,
    "ci_lower": 0.025145568029298713,
    "ci_upper": 0.04250532049986422,
    "p_value": 0.0,
    "significant": true,
    "ci_excludes_zero": true
  },
  "Baseline vs Partial Freezing": {
    "model_1": "Baseline",
    "model_2": "Partial Freezing",
    "f1_model_1": 0.5737558521029993,
    "f1_model_2": 0.5325077164318766,
    "observed_diff": 0.04124813567112273,
    "ci_lower": 0.03205178472604836,
    "ci_upper": 0.05057111166680774,
    "p_value": 0.0,
    "significant": true,
    "ci_excludes_zero": true
  },
  "Baseline vs Contrastive (SupCon)": {
    "model_1": "Baseline",
    "model_2": "Contrastive (SupCon)",
    "f1_model_1": 0.5737558521029993,
    "f1_model_2": 0.5562517428064865,
    "observed_diff": 0.017504109296512804,
    "ci_lower": 0.00914466397250678,
    "ci_upper": 0.02544774037347328,
    "p_value": 0.002,
    "significant": true,
    "ci_excludes_zero": true
  },
  "Baseline vs Clean Baseline": {
    "model_1": "Baseline",
    "model_2": "Clean Baseline",
    "f1_model_1": 0.5737558521029993,
    "f1_model_2": 0.5816490305508992,
    "observed_diff": -0.00789317844789994,
    "ci_lower": -0.01614864268336205,
    "ci_upper": 0.0013060896814888615,
    "p_value": 0.092,
    "significant": false,
    "ci_excludes_zero": false
  },
  "K-Fold vs Weighted": {
    "model_1": "K-Fold",
    "model_2": "Weighted",
    "f1_model_1": 0.5515623887029147,
    "f1_model_2": 0.5732389145814675,
    "observed_diff": -0.021676525878552733,
    "ci_lower": -0.03190650789129379,
    "ci_upper": -0.012945903705818966,
    "p_value": 0.0,
    "significant": true,
    "ci_excludes_zero": true
  },
  "K-Fold vs MLM": {
    "model_1": "K-Fold",
    "model_2": "MLM",
    "f1_model_1": 0.5515623887029147,
    "f1_model_2": 0.5399598744659804,
    "observed_diff": 0.01160251423693437,
    "ci_lower": 0.005126495986660382,
    "ci_upper": 0.017977801208594633,
    "p_value": 0.0,
    "significant": true,
    "ci_excludes_zero": true
  },
  "K-Fold vs Partial Freezing": {
    "model_1": "K-Fold",
    "model_2": "Partial Freezing",
    "f1_model_1": 0.5515623887029147,
    "f1_model_2": 0.5325077164318766,
    "observed_diff": 0.019054672271038187,
    "ci_lower": 0.01198552024558224,
    "ci_upper": 0.026360651840670612,
    "p_value": 0.0,
    "significant": true,
    "ci_excludes_zero": true
  },
  "K-Fold vs Contrastive (SupCon)": {
    "model_1": "K-Fold",
    "model_2": "Contrastive (SupCon)",
    "f1_model_1": 0.5515623887029147,
    "f1_model_2": 0.5562517428064865,
    "observed_diff": -0.004689354103571741,
    "ci_lower": -0.013629272444112387,
    "ci_upper": 0.003604224718216183,
    "p_value": 0.244,
    "significant": false,
    "ci_excludes_zero": false
  },
  "K-Fold vs Clean Baseline": {
    "model_1": "K-Fold",
    "model_2": "Clean Baseline",
    "f1_model_1": 0.5515623887029147,
    "f1_model_2": 0.5816490305508992,
    "observed_diff": -0.030086641847984485,
    "ci_lower": -0.03791468230869415,
    "ci_upper": -0.02174860032197171,
    "p_value": 0.0,
    "significant": true,
    "ci_excludes_zero": true
  },
  "Weighted vs MLM": {
    "model_1": "Weighted",
    "model_2": "MLM",
    "f1_model_1": 0.5732389145814675,
    "f1_model_2": 0.5399598744659804,
    "observed_diff": 0.0332790401154871,
    "ci_lower": 0.024890843255491124,
    "ci_upper": 0.043778072615271314,
    "p_value": 0.0,
    "significant": true,
    "ci_excludes_zero": true
  },
  "Weighted vs Partial Freezing": {
    "model_1": "Weighted",
    "model_2": "Partial Freezing",
    "f1_model_1": 0.5732389145814675,
    "f1_model_2": 0.5325077164318766,
    "observed_diff": 0.04073119814959092,
    "ci_lower": 0.031846172299536166,
    "ci_upper": 0.051540786913716635,
    "p_value": 0.0,
    "significant": true,
    "ci_excludes_zero": true
  },
  "Weighted vs Contrastive (SupCon)": {
    "model_1": "Weighted",
    "model_2": "Contrastive (SupCon)",
    "f1_model_1": 0.5732389145814675,
    "f1_model_2": 0.5562517428064865,
    "observed_diff": 0.01698717177498099,
    "ci_lower": 0.008013931725575043,
    "ci_upper": 0.02640954069565227,
    "p_value": 0.002,
    "significant": true,
    "ci_excludes_zero": true
  },
  "Weighted vs Clean Baseline": {
    "model_1": "Weighted",
    "model_2": "Clean Baseline",
    "f1_model_1": 0.5732389145814675,
    "f1_model_2": 0.5816490305508992,
    "observed_diff": -0.008410115969431753,
    "ci_lower": -0.015906861930588396,
    "ci_upper": 0.001266850105873084,
    "p_value": 0.09,
    "significant": false,
    "ci_excludes_zero": false
  },
  "MLM vs Partial Freezing": {
    "model_1": "MLM",
    "model_2": "Partial Freezing",
    "f1_model_1": 0.5399598744659804,
    "f1_model_2": 0.5325077164318766,
    "observed_diff": 0.007452158034103817,
    "ci_lower": -0.0002579944510033655,
    "ci_upper": 0.014016248932805501,
    "p_value": 0.056,
    "significant": false,
    "ci_excludes_zero": false
  },
  "MLM vs Contrastive (SupCon)": {
    "model_1": "MLM",
    "model_2": "Contrastive (SupCon)",
    "f1_model_1": 0.5399598744659804,
    "f1_model_2": 0.5562517428064865,
    "observed_diff": -0.01629186834050611,
    "ci_lower": -0.02539191392729474,
    "ci_upper": -0.007544222804199108,
    "p_value": 0.0,
    "significant": true,
    "ci_excludes_zero": true
  },
  "MLM vs Clean Baseline": {
    "model_1": "MLM",
    "model_2": "Clean Baseline",
    "f1_model_1": 0.5399598744659804,
    "f1_model_2": 0.5816490305508992,
    "observed_diff": -0.041689156084918855,
    "ci_lower": -0.04954172370996058,
    "ci_upper": -0.03376633677664672,
    "p_value": 0.0,
    "significant": true,
    "ci_excludes_zero": true
  },
  "Partial Freezing vs Contrastive (SupCon)": {
    "model_1": "Partial Freezing",
    "model_2": "Contrastive (SupCon)",
    "f1_model_1": 0.5325077164318766,
    "f1_model_2": 0.5562517428064865,
    "observed_diff": -0.023744026374609928,
    "ci_lower": -0.032439395155239664,
    "ci_upper": -0.01454661181250632,
    "p_value": 0.0,
    "significant": true,
    "ci_excludes_zero": true
  },
  "Partial Freezing vs Clean Baseline": {
    "model_1": "Partial Freezing",
    "model_2": "Clean Baseline",
    "f1_model_1": 0.5325077164318766,
    "f1_model_2": 0.5816490305508992,
    "observed_diff": -0.04914131411902267,
    "ci_lower": -0.057616194431286634,
    "ci_upper": -0.04122697709283707,
    "p_value": 0.0,
    "significant": true,
    "ci_excludes_zero": true
  },
  "Contrastive (SupCon) vs Clean Baseline": {
    "model_1": "Contrastive (SupCon)",
    "model_2": "Clean Baseline",
    "f1_model_1": 0.5562517428064865,
    "f1_model_2": 0.5816490305508992,
    "observed_diff": -0.025397287744412744,
    "ci_lower": -0.033317606431967246,
    "ci_upper": -0.016786255862538,
    "p_value": 0.0,
    "significant": true,
    "ci_excludes_zero": true
  }
}