{
  "best_threshold": 0.3448979591836735,
  "subset_accuracy": 0.4623180394324673,
  "f1_micro": 0.6136926889714994,
  "f1_macro": 0.5087824994357298,
  "f1_weighted": 0.6048872296698561,
  "precision_micro": 0.60185325839283,
  "recall_micro": 0.6260072681308263,
  "ensemble_mode": "soft",
  "num_models": 5,
  "models_used": [
    "Baseline",
    "K-Fold",
    "Weighted",
    "MLM",
    "Partial Freezing"
  ]
}