{
  "thresholds": [
    0.1,
    0.11020408163265306,
    0.12040816326530612,
    0.1306122448979592,
    0.14081632653061224,
    0.1510204081632653,
    0.16122448979591836,
    0.17142857142857143,
    0.1816326530612245,
    0.19183673469387755,
    0.2020408163265306,
    0.21224489795918366,
    0.22244897959183674,
    0.23265306122448978,
    0.24285714285714285,
    0.2530612244897959,
    0.26326530612244897,
    0.27346938775510204,
    0.28367346938775506,
    0.29387755102040813,
    0.3040816326530612,
    0.3142857142857143,
    0.32448979591836735,
    0.3346938775510204,
    0.3448979591836735,
    0.35510204081632657,
    0.36530612244897953,
    0.3755102040816326,
    0.3857142857142857,
    0.39591836734693875,
    0.4061224489795918,
    0.4163265306122449,
    0.42653061224489797,
    0.43673469387755104,
    0.4469387755102041,
    0.4571428571428571,
    0.46734693877551015,
    0.4775510204081632,
    0.4877551020408163,
    0.49795918367346936,
    0.5081632653061224,
    0.5183673469387755,
    0.5285714285714286,
    0.5387755102040817,
    0.5489795918367346,
    0.5591836734693877,
    0.5693877551020408,
    0.5795918367346938,
    0.5897959183673469,
    0.6
  ],
  "f1_scores": [
    0.5339815976578838,
    0.5454545454545454,
    0.5523262238921428,
    0.5606438449331217,
    0.565895518061112,
    0.5708353108685335,
    0.5764599092284417,
    0.5812820038250355,
    0.5856416054267948,
    0.5881224828996996,
    0.5907704290257675,
    0.5936758893280633,
    0.5961551343023646,
    0.5988999796292523,
    0.6005089058524173,
    0.6020514967552858,
    0.6040752794679496,
    0.6057912844036697,
    0.6067595010153757,
    0.6083449439026178,
    0.6103328144689052,
    0.6108403928330459,
    0.6127981825066263,
    0.6125946897237738,
    0.6136926889714994,
    0.6123503169758159,
    0.6124515465548611,
    0.61168,
    0.6112232539362131,
    0.6119257086999023,
    0.6116680361544782,
    0.610917537746806,
    0.6082430957777218,
    0.6064822670965553,
    0.6039256021256536,
    0.6039561198928911,
    0.6030361193508986,
    0.6017621145374449,
    0.5997334517992003,
    0.5982982534706672,
    0.5967829387312489,
    0.5933223864258347,
    0.5922794117647059,
    0.5907618254188651,
    0.5875990675990675,
    0.5853566723131941,
    0.5823529411764706,
    0.5803494700658837,
    0.57733346150149,
    0.5742785202401705
  ],
  "best_threshold": 0.3448979591836735,
  "best_f1": 0.6136926889714994
}