{
  "thresholds": [
    0.1,
    0.11020408163265306,
    0.12040816326530612,
    0.1306122448979592,
    0.14081632653061224,
    0.1510204081632653,
    0.16122448979591836,
    0.17142857142857143,
    0.1816326530612245,
    0.19183673469387755,
    0.2020408163265306,
    0.21224489795918366,
    0.22244897959183674,
    0.23265306122448978,
    0.24285714285714285,
    0.2530612244897959,
    0.26326530612244897,
    0.27346938775510204,
    0.28367346938775506,
    0.29387755102040813,
    0.3040816326530612,
    0.3142857142857143,
    0.32448979591836735,
    0.3346938775510204,
    0.3448979591836735,
    0.35510204081632657,
    0.36530612244897953,
    0.3755102040816326,
    0.3857142857142857,
    0.39591836734693875,
    0.4061224489795918,
    0.4163265306122449,
    0.42653061224489797,
    0.43673469387755104,
    0.4469387755102041,
    0.4571428571428571,
    0.46734693877551015,
    0.4775510204081632,
    0.4877551020408163,
    0.49795918367346936,
    0.5081632653061224,
    0.5183673469387755,
    0.5285714285714286,
    0.5387755102040817,
    0.5489795918367346,
    0.5591836734693877,
    0.5693877551020408,
    0.5795918367346938,
    0.5897959183673469,
    0.6
  ],
  "f1_scores": [
    0.47955422955422955,
    0.49256454703038044,
    0.5045385779122542,
    0.5158831003811944,
    0.5253451577144009,
    0.5333540501346592,
    0.5411377277314495,
    0.5469908416921064,
    0.5525699632066006,
    0.560201050948138,
    0.5660025632063381,
    0.5714115828279225,
    0.5757355612059571,
    0.581243049548993,
    0.5859640296818011,
    0.5905773908590449,
    0.593576965669989,
    0.5968371600608747,
    0.6004168627714651,
    0.6027117258295291,
    0.6044708976399751,
    0.6054942738705824,
    0.6068503880937122,
    0.6081744656268053,
    0.6099509049607973,
    0.6127425470225262,
    0.6136329362087166,
    0.6149957877000842,
    0.6151937984496124,
    0.6155899207159118,
    0.6143447837150128,
    0.6145933783349405,
    0.6137307598338627,
    0.6125844177236041,
    0.6134355725954326,
    0.6112844733069073,
    0.6100511073253833,
    0.6097371822490306,
    0.6057600278430348,
    0.6034255599472991,
    0.6008697967515754,
    0.5976867210615978,
    0.5941976427923844,
    0.594159113796576,
    0.5913799482056974,
    0.5893223819301848,
    0.5855541953102928,
    0.5823049174102904,
    0.5794965061740213,
    0.5755409582689336
  ],
  "best_threshold": 0.39591836734693875,
  "best_f1": 0.6155899207159118
}