Model,F1 Weighted,F1 Micro,Accuracy,Precision,Recall
Ensemble,0.6048872296698561,0.6136926889714994,0.4623180394324673,0.60185325839283,0.6260072681308263
Weighted Classes,0.5845669974984139,0.5857637552904963,0.4304403906393956,0.5748873441148014,0.6013588244588403
Clean Baseline,0.5816490305508992,0.6039915074309978,0.5058043117744611,0.631463651471153,0.561858113446042
Baseline (Fine-tune),0.5737558521029993,0.5877308129867856,0.47392666298138936,0.6413996886940794,0.5305735503239059
K-Fold CV,0.5732645773347016,0.5887294364718236,0.47318960751796574,0.6388570731094195,0.531521567388213
Contrastive (SupCon),0.5562517428064865,0.5779267850670533,0.46434494195688225,0.6544469919200281,0.5038710696792542
MLM Pretraining,0.5399598744659804,0.5745992601726264,0.45439469320066334,0.7017485376098529,0.47859061463106334
Partial Freezing,0.5325077164318766,0.5718963690648174,0.4490510410908421,0.7112893230720376,0.4691104439879918
