Model,F1 Weighted,F1 Micro,Accuracy,Precision,Recall
Ensemble,0.6033406933027244,0.6155899207159118,0.46729316381057673,0.6117004680187208,0.6195291515247274
Clean Baseline,0.5816490305508992,0.6039915074309978,0.5058043117744611,0.631463651471153,0.561858113446042
Baseline (Fine-tune),0.5737558521029993,0.5877308129867856,0.47392666298138936,0.6413996886940794,0.5305735503239059
Weighted Classes,0.5732389145814675,0.5470373164645116,0.27234199373502854,0.4805292457979894,0.7446674040132722
Contrastive (SupCon),0.5562517428064865,0.5779267850670533,0.46434494195688225,0.6544469919200281,0.5038710696792542
K-Fold CV,0.5515623887029147,0.5818965517241379,0.462870831030035,0.6900950381956548,0.490598830778954
MLM Pretraining,0.5399598744659804,0.5745992601726264,0.45439469320066334,0.7017485376098529,0.47859061463106334
Partial Freezing,0.5325077164318766,0.5718963690648174,0.4490510410908421,0.7112893230720376,0.4691104439879918
